{
  "dataset_root": "hybrid_maneuver_dataset/run_model_20260411_160709",
  "total_samples": 256,
  "train_samples": 179,
  "val_samples": 38,
  "test_samples": 39,
  "labels": [
    "bootstrap",
    "go_to_goal",
    "avoid_left",
    "avoid_right",
    "commit_forward",
    "reverse",
    "recover",
    "reassess",
    "arrived",
    "stop"
  ],
  "best_val_macro_f1": 0.08125000000000002,
  "test_metrics": {
    "accuracy": 0.5384615659713745,
    "macro_precision": 0.05384615384615384,
    "macro_recall": 0.1,
    "macro_f1": 0.07,
    "confusion_matrix": [
      [
        0,
        0,
        0,
        0,
        0,
        0,
        0,
        0,
        0,
        0
      ],
      [
        0,
        21,
        0,
        0,
        0,
        0,
        0,
        0,
        0,
        0
      ],
      [
        0,
        0,
        0,
        0,
        0,
        0,
        0,
        0,
        0,
        0
      ],
      [
        0,
        1,
        0,
        0,
        0,
        0,
        0,
        0,
        0,
        0
      ],
      [
        0,
        14,
        0,
        0,
        0,
        0,
        0,
        0,
        0,
        0
      ],
      [
        0,
        0,
        0,
        0,
        0,
        0,
        0,
        0,
        0,
        0
      ],
      [
        0,
        0,
        0,
        0,
        0,
        0,
        0,
        0,
        0,
        0
      ],
      [
        0,
        3,
        0,
        0,
        0,
        0,
        0,
        0,
        0,
        0
      ],
      [
        0,
        0,
        0,
        0,
        0,
        0,
        0,
        0,
        0,
        0
      ],
      [
        0,
        0,
        0,
        0,
        0,
        0,
        0,
        0,
        0,
        0
      ]
    ],
    "loss": 1.5756710798312457
  },
  "class_weights": [
    0.0,
    0.14094488322734833,
    8.949999809265137,
    5.9666666984558105,
    0.4837837815284729,
    0.0,
    0.0,
    1.7899999618530273,
    0.0,
    0.0
  ],
  "args": {
    "dataset_root": "hybrid_maneuver_dataset/run_model_20260411_160709",
    "past_len": 10,
    "scan_beams": 512,
    "range_clip": 30.0,
    "batch_size": 16,
    "epochs": 1,
    "lr": 0.001,
    "weight_decay": 0.0001,
    "cnn_hidden": 96,
    "graph_hidden": 96,
    "fusion_hidden": 128,
    "lstm_hidden": 128,
    "lstm_layers": 1,
    "msg_passes": 2,
    "dropout": 0.1,
    "train_ratio": 0.7,
    "val_ratio": 0.15,
    "seed": 42,
    "max_samples": 256,
    "cpu": true,
    "output_dir": "models",
    "model_name": "hybrid_cnn_gnn_lstm_smoke.pt",
    "summary_name": "hybrid_cnn_gnn_lstm_smoke_summary.json"
  }
}