{
  "model": "constant_velocity",
  "samples": 2022,
  "ADE": 0.004881541710346937,
  "FDE": 0.012086867354810238,
  "RMSE": 0.015232838690280914
}