{
  "model": "gnn_lstm",
  "samples": 13480,
  "train": 9436,
  "val": 2022,
  "test": 2022,
  "comparison": {
    "constant_velocity": {
      "ADE": 0.004881541710346937,
      "FDE": 0.012086867354810238,
      "RMSE": 0.015232838690280914
    },
    "gnn_lstm": {
      "ADE": 0.010440986603498459,
      "FDE": 0.019013741984963417,
      "RMSE": 0.015159054659307003
    }
  },
  "ADE": 0.010440986603498459,
  "FDE": 0.019013741984963417,
  "RMSE": 0.015159054659307003,
  "model_path": "/home/basudeo/Documents/Thesis/models/gnn_lstm_graph_done_from_notebook.pt",
  "past_len": 10,
  "future_len": 20
}