{
  "model": "cnn_lstm_graph",
  "samples": 13480,
  "train": 9436,
  "val": 2022,
  "test": 2022,
  "ADE": 0.00775070721283555,
  "FDE": 0.016240214928984642,
  "RMSE": 0.015114538371562958,
  "model_path": "/home/basudeo/Documents/Thesis/models/cnn_lstm_graph_done.pt",
  "past_len": 10,
  "future_len": 20
}