Model,ADE,FDE,RMSE
Constant Velocity,0.004881541710346937,0.012086867354810238,0.015232838690280914
CNN-LSTM,0.00775070721283555,0.016240214928984642,0.015114538371562958
GNN-LSTM,0.010440986603498459,0.019013741984963417,0.015159054659307003
CNN-GNN-LSTM,0.008119557052850723,0.015822038054466248,0.014050591737031937
